Workbook

Sheet County Ranking
A1: Maize yield by county vs national average
A2: Average yield in 90 kg bags per hectare, over the years covered by the county data.
A4: First year | B4: =MIN('County Data'!$B$2:$B$26)
A5: Last year | B5: =MAX('County Data'!$B$2:$B$26)
A6: National average, same years | B6: =AVERAGEIFS('National Data'!$C$2:$C$12,'National Data'!$B$2:$B$12,">="&B4,'National Data'!$B$2:$B$12,"<="&B5)
A8: Rank | B8: County | C8: Average yield | D8: Lowest year | E8: Highest year | F8: vs national average
A9: =RANK(C9,$C$9:$C$13) | B9: Trans Nzoia | C9: =AVERAGEIFS('County Data'!$C$2:$C$26,'County Data'!$A$2:$A$26,B9) | D9: =_xlfn.MINIFS('County Data'!$C$2:$C$26,'County Data'!$A$2:$A$26,B9) | E9: =_xlfn.MAXIFS('County Data'!$C$2:$C$26,'County Data'!$A$2:$A$26,B9) | F9: =C9/$B$6-1
A10: =RANK(C10,$C$9:$C$13) | B10: Uasin Gishu | C10: =AVERAGEIFS('County Data'!$C$2:$C$26,'County Data'!$A$2:$A$26,B10) | D10: =_xlfn.MINIFS('County Data'!$C$2:$C$26,'County Data'!$A$2:$A$26,B10) | E10: =_xlfn.MAXIFS('County Data'!$C$2:$C$26,'County Data'!$A$2:$A$26,B10) | F10: =C10/$B$6-1
A11: =RANK(C11,$C$9:$C$13) | B11: Bungoma | C11: =AVERAGEIFS('County Data'!$C$2:$C$26,'County Data'!$A$2:$A$26,B11) | D11: =_xlfn.MINIFS('County Data'!$C$2:$C$26,'County Data'!$A$2:$A$26,B11) | E11: =_xlfn.MAXIFS('County Data'!$C$2:$C$26,'County Data'!$A$2:$A$26,B11) | F11: =C11/$B$6-1
A12: =RANK(C12,$C$9:$C$13) | B12: Nakuru | C12: =AVERAGEIFS('County Data'!$C$2:$C$26,'County Data'!$A$2:$A$26,B12) | D12: =_xlfn.MINIFS('County Data'!$C$2:$C$26,'County Data'!$A$2:$A$26,B12) | E12: =_xlfn.MAXIFS('County Data'!$C$2:$C$26,'County Data'!$A$2:$A$26,B12) | F12: =C12/$B$6-1
A13: =RANK(C13,$C$9:$C$13) | B13: Narok | C13: =AVERAGEIFS('County Data'!$C$2:$C$26,'County Data'!$A$2:$A$26,B13) | D13: =_xlfn.MINIFS('County Data'!$C$2:$C$26,'County Data'!$A$2:$A$26,B13) | E13: =_xlfn.MAXIFS('County Data'!$C$2:$C$26,'County Data'!$A$2:$A$26,B13) | F13: =C13/$B$6-1
A15: Notes
A16: These are the counties chosen for this analysis, so this is not a ranking of all counties.
A17: Counties with close averages should be treated as roughly tied.
A18: The latest year in the data may be provisional. See the County Data sheet for sources.

Sheet Model Comparison
A1: Maize yield vs rainfall: model comparison
A2: Outcome: maize yield (kg per acre). Predictor: seasonal rainfall (mm). Calculated by src/export_excel.py.
A4: Model | B4: Data | C4: Observations (n) | D4: Rainfall coefficient (kg/acre per mm) | E4: Std. error | F4: p-value | G4: Effect of +100 mm rain (kg/acre) | H4: R² | I4: Adjusted R² | J4: AIC | K4: Significant at 5%?
A5: 1. Rainfall only | B5: National, 11 years | C5: 11 | D5: 0.075721842 | E5: 0.049218564 | F5: 0.15831279 | G5: =D5*100 | H5: 0.20822913 | I5: 0.12025459 | J5: 114.29906 | K5: =IF(F5<0.05,"Yes","No")
A6: 2. Rainfall only | B6: 5 counties, 2019-2023 | C6: 25 | D6: 0.43979476 | E6: 0.077719436 | F6: 9.2450611e-06 | G6: =D6*100 | H6: 0.58198111 | I6: 0.56380638 | J6: 337.76792 | K6: =IF(F6<0.05,"Yes","No")
A7: 3. Rainfall + county effects | B7: 5 counties, 2019-2023 | C7: 25 | D7: 0.18026084 | E7: 0.080485342 | F7: 0.037266966 | G7: =D7*100 | H7: 0.83498874 | I7: 0.79156473 | J7: 322.53009 | K7: =IF(F7<0.05,"Yes","No")
A9: How to read this
A10: Model 1 (national): adjusted R² = 0.12; the rainfall effect is not significant at 5%.
A11: Model 2 mixes counties, so part of the rainfall effect reflects differences between counties (soil, altitude, farming system).
A12: Model 3 controls for those differences: the rainfall effect is 18.0 kg/acre per 100 mm and significant at 5% (p = 0.037).
A13: AIC (lower is better) can only be compared between Models 2 and 3, which use the same data.
A14: Caution: few counties and years, rows within a county are not independent, and rainfall is one satellite point per county.
A15: These values are calculated from the merged data files each time this script runs.

Sheet County Data
A1: County | B1: Year | C1: Yield (90 kg bags per hectare)
A2: Uasin Gishu | B2: 2019 | C2: 36
A3: Uasin Gishu | B3: 2020 | C3: 47.4
A4: Uasin Gishu | B4: 2021 | C4: 40.9
A5: Uasin Gishu | B5: 2022 | C5: 39
A6: Uasin Gishu | B6: 2023 | C6: 44.9
A7: Trans Nzoia | B7: 2019 | C7: 44.5
A8: Trans Nzoia | B8: 2020 | C8: 51.8
A9: Trans Nzoia | B9: 2021 | C9: 42.3
A10: Trans Nzoia | B10: 2022 | C10: 39.8
A11: Trans Nzoia | B11: 2023 | C11: 39.8
A12: Narok | B12: 2019 | C12: 20.9
A13: Narok | B13: 2020 | C13: 19.3
... A26: Nakuru | B26: 2023 | C26: 33.5
A28: Source: KNBS National Agriculture Production Report (maize area and production by county). Yield = tonnes / 0.09 / hectares. The latest year may be provisional.

Sheet National Data
A1: Region | B1: Year | C1: Yield (90 kg bags per hectare)
A2: Kenya | B2: 2010 | C2: 19.2
A3: Kenya | B3: 2011 | C3: 17.6
A4: Kenya | B4: 2012 | C4: 19.3
A5: Kenya | B5: 2013 | C5: 18.8
A6: Kenya | B6: 2014 | C6: 18.4
A7: Kenya | B7: 2019 | C7: 19.9
A8: Kenya | B8: 2020 | C8: 19.4
A9: Kenya | B9: 2021 | C9: 16.9
A10: Kenya | B10: 2022 | C10: 16.2
A11: Kenya | B11: 2023 | C11: 19.6
A12: Kenya | B12: 2024 | C12: 18.6
A14: Sources: Ministry of Agriculture Economic Review of Agriculture and KNBS national area and production. The sources may use different methods, and some years may be missing.
